url,provider
https://feeds.a.dj.com/rss/RSSMarketsMain.xml,WSJ
https://feeds.a.dj.com/rss/WSJcomUSBusiness.xml,WSJ
https://feeds.a.dj.com/rss/RSSWorldNews.xml,WSJ
https://rss.nytimes.com/services/xml/rss/nyt/Business.xml,NYT
https://rss.nytimes.com/services/xml/rss/nyt/Dealbook.xml,NYT
https://feed.businesswire.com/rss/home/?rss=G1QFDERJXkJdEVhZXw==&_gl=1*1ffo59h*_ga*MTM1NjEyMzA0My4xNzAyMzk0NTEz*_ga_ZQWF70T3FK*MTcwMzAxODA2NS4yLjEuMTcwMzAxODExMC4xNS4wLjA.,BW
https://www.huffpost.com/section/world-news/feed,HP
https://rss.nytimes.com/services/xml/rss/nyt/HomePage.xml,NYT
https://search.cnbc.com/rs/search/combinedcms/view.xml?partnerId=wrss01&id=100003114,CNBC
https://search.cnbc.com/rs/search/combinedcms/view.xml?partnerId=wrss01&id=10001147,CNBC
https://www.ft.com/news-feed?format=rss.&page=1,FT
https://www.reutersagency.com/feed/?taxonomy=best-topics&post_type=best,RTRS
https://www.capitaliq.spglobal.com/SPGMI.Services.RSSFeed.Service/RSSFeed/GetFeed/62AC1093-416D-449C-909F-04F8633DE9CE,SP
https://feeds.content.dowjones.io/public/rss/mw_realtimeheadlines,MW
https://feeds.content.dowjones.io/public/rss/mw_bulletins,MW
https://www.feedspot.com/infiniterss.php?_src=followbtn&followfeedid=5248686&q=site:,RTRS
https://www.feedspot.com/infiniterss.php?_src=feed_title&followfeedid=30964&q=site:,RTRS
https://feeds.bloomberg.com/markets/news.rss,BBG
https://feeds.bbci.co.uk/news/world/rss.xml#,BBC
https://feeds.bbci.co.uk/news/business/rss.xml#,BBC
https://www.yahoo.com/news/rss,YHOO
https://api.axios.com/feed/,AXIO
http://rssfeeds.usatoday.com/UsatodaycomNation-TopStories,UST
https://www.wired.com/feed/category/business/latest/rss,WIRD
https://www.wired.com/feed/rss,WIRD
https://www.stamfordadvocate.com/rss/feed/News-1443.php,ADV